{
  "PPO (continuous)": {
    "reward": 636.9473570468836,
    "std": 579.4882682708884,
    "length": 759.95,
    "train_time": 1770.726333141327
  },
  "DQN (discretized)": {
    "reward": 38.84214324936604,
    "std": 14.079269345635877,
    "length": 58.5,
    "train_time": 508.32942605018616,
    "best_eval_reward": 43.41406828666946
  },
  "SAC (continuous)": {
    "reward": 1117.3055765105412,
    "std": 527.374421878734,
    "length": 1216.1,
    "train_time": 10251.47216296196
  }
}