{
  "DQN (SB3)": {
    "reward": 11.293169420864434,
    "std": 5.726479637989805,
    "length": 13.7,
    "train_time": 1480.4550020694733
  },
  "PPO (SB3)": {
    "reward": 26.860432673990726,
    "std": 10.286131918014977,
    "length": 33.7,
    "train_time": 1468.2413120269775
  },
  "DQN (manual)": {
    "reward": 27.712517666816712,
    "std": 0.908305566675884,
    "length": 40.0,
    "train_time": 111.59501075744629
  }
}