{
  "PPO (SB3)": {
    "reward": 27.877565873414277,
    "std": 4.80313231255201,
    "length": 38.233333333333334,
    "train_time": 1225.5640556812286
  },
  "DQN (manual)": {
    "reward": 27.541731789211433,
    "std": 7.352217414587528,
    "length": 36.56666666666667,
    "train_time": 1255.3417310714722,
    "best_eval_reward": 29.35287362404501
  },
  "DQN (SB3)": {
    "reward": 27.135578917711975,
    "std": 8.16850494919894,
    "length": 34.8,
    "train_time": 1451.550903081894
  }
}